use_case,data_tag,exp_tag,repldnormmea,repldnormse,ldnormreps,repldexactmea,repldexactse,ldexactreps,source,category
agg_epipara,agg,control_NMT,0.8413419805398002,0.0019922038440570024,7,0.9434529100660796,0.0015508587458308194,7,abdb,control
agg_epipara,agg,exp_NMT,0.7584933672412886,0.002025373544403779,10,0.9214843354327564,0.0014491390393711035,10,abdb,exp
agg_paraepi,agg,control_NMT,0.9061785964228216,0.0008249386891394403,6,0.9987460271952197,0.00013248482843946204,6,abdb,control
agg_paraepi,agg,exp_NMT,0.7995413805292547,0.0015156922820064509,10,0.9630528492075724,0.0007271574797031957,10,abdb,exp
motif_epipara,motif,control_NMT,0.9387762969660672,0.0007389005618192447,2,0.9989974258230592,0.00011635598555909121,2,abdb,control
motif_epiparapos,motif,exp_NMT,0.4888398877083209,,1,0.9567370746186236,,1,abdb,exp
motif_paraepi,motif,control_NMT,0.9374913755607585,,1,0.9989041156897549,,1,abdb,control
motif_paraepi,motif,exp_NMT,0.5845007525999131,0.005461799152914003,2,0.9611884624882948,0.0011083222428654447,2,abdb,exp
motif_paraepipos,motif,exp_NMT,0.5040203193432166,,1,0.9584176528803252,,1,abdb,exp
seq_epipara,seq,control_NMT,0.8977041209705838,0.0008163949648938004,3,0.9991797195364616,0.00010068893975145812,3,abdb,control
seq_epipara,seq,exp_NMT,0.7895800799150803,0.00131090674201459,5,0.9536396929482848,0.0007779460701460675,5,abdb,exp
seq_paraepi,seq,control_NMT,0.9075538360675864,0.00037438005851304576,4,0.9995640553209992,3.908853980636204e-05,4,abdb,control
seq_paraepi,seq,exp_NMT,0.7853305895048911,0.004056650720070716,3,0.9448466453318716,0.001987742048915411,3,abdb,exp
motif_epiparapos,motif,exp_marginal_proba,0.4411511466423693,0.00352088068370219,10,ppi,0.0027828935234872824,10,ppi,exp
motif_epiparapos,motif,exp_cond_proba,0.4185244009826457,0.004222406362076167,10,ppi,0.003937267604075228,10,ppi,exp
motif_epiparapos,motif,exp_cond_proba_with_prior,0.3489461287382748,0.0041627226930973866,10,ppi,0.0027845663996074,10,ppi,exp
motif_paraepipos,motif,exp_marginal_proba,0.5303735616237235,0.03417014056560054,10,ppi,0.005468895555775249,10,ppi,exp
motif_paraepipos,motif,exp_cond_proba,0.4144959328609164,0.00446050507724221,10,ppi,0.00265199622128022,10,ppi,exp
motif_paraepipos,motif,exp_cond_proba_with_prior,0.34978189380125896,0.0021189906354399835,10,ppi,0.004079019185013772,10,ppi,exp
motif_epiparapos,motif,control_marginal_proba,0.44088800643497705,0.002999538175920105,10,ppi,0.0030724459804626213,10,ppi,control
motif_epiparapos,motif,control_cond_proba,0.5360861797495721,0.004124335392379974,10,ppi,0.003631177256707929,10,ppi,control
motif_epiparapos,motif,control_cond_proba_with_prior,0.4810464385806241,0.004394116601307333,10,ppi,0.003627385992734971,10,ppi,control
motif_paraepipos,motif,control_marginal_proba,0.5074637670690942,0.05066272234297118,10,ppi,0.003476684250953011,10,ppi,control
motif_paraepipos,motif,control_cond_proba,0.5016208073323127,0.0028362564719161955,10,ppi,0.0025969718142813576,10,ppi,control
motif_paraepipos,motif,control_cond_proba_with_prior,0.5118934380323311,0.006857730721764984,10,ppi,0.0031622697783165823,10,ppi,control
seq_epipara,seq,exp_marginal_proba,0.9339748644195446,0.0014860729472235836,10,ppi,0.0005747155589612978,10,ppi,exp
seq_epipara,seq,exp_cond_proba,0.9096545632610946,0.0033345208124056893,10,ppi,0.0024125506398723637,10,ppi,exp
seq_epipara,seq,exp_cond_proba_with_prior,0.39251033747833736,0.005526420903612211,10,ppi,0.005403353421924395,10,ppi,exp
seq_paraepi,seq,exp_marginal_proba,0.9130673428191318,0.003212690280631457,10,ppi,0.0010830948027503917,10,ppi,exp
seq_paraepi,seq,exp_cond_proba,0.9143600203789932,0.003169842967576464,10,ppi,0.002793659963332947,10,ppi,exp
seq_paraepi,seq,exp_cond_proba_with_prior,0.3978623855590381,0.0036751382588036717,10,ppi,0.007008741324715211,10,ppi,exp
seq_epipara,seq,control_marginal_proba,0.9335951088217704,0.0015365753896226595,10,ppi,0.0010374783395756275,10,ppi,control
seq_epipara,seq,control_cond_proba,0.9815642750102064,0.0009564704950393226,10,ppi,8.759016843606853e-05,10,ppi,control
seq_epipara,seq,control_cond_proba_with_prior,0.9376022110650456,0.001958647387810321,10,ppi,0.00040414148700041054,10,ppi,control
seq_paraepi,seq,control_marginal_proba,0.9062027714249248,0.012916204114956416,10,ppi,0.0010576109769214596,10,ppi,control
seq_paraepi,seq,control_cond_proba,0.9822608374706028,0.0009223997900815742,10,ppi,0.0,10,ppi,control
seq_paraepi,seq,control_cond_proba_with_prior,0.9324683367561496,0.0019915821947117268,10,ppi,0.0007315543152577492,10,ppi,control
motif_epipara,motif,exp_marginal_proba,0.41989609024551344,0.00505109700979465,10,ppi,0.0024407323603922253,10,ppi,exp
motif_epipara,motif,exp_cond_proba,0.39205469117453146,0.003771034336561857,10,ppi,0.003772623613703903,10,ppi,exp
motif_epipara,motif,exp_cond_proba_with_prior,0.3192329031207187,0.005555508556434182,10,ppi,0.003288322915183921,10,ppi,exp
motif_paraepi,motif,exp_marginal_proba,0.4986876821149502,0.045295355875684035,10,ppi,0.003180544841579405,10,ppi,exp
motif_paraepi,motif,exp_cond_proba,0.3845298766758518,0.003080456735845636,10,ppi,0.0029328037486184965,10,ppi,exp
motif_paraepi,motif,exp_cond_proba_with_prior,0.3238386189126622,0.004449776251378038,10,ppi,0.005842943304483771,10,ppi,exp
motif_epipara,motif,control_marginal_proba,0.42134183299116656,0.0018920398390573747,10,ppi,0.0014185696320645075,10,ppi,control
motif_epipara,motif,control_cond_proba,0.5110118172741254,0.005524985099005475,10,ppi,0.0027020066213793714,10,ppi,control
motif_epipara,motif,control_cond_proba_with_prior,0.4526949179277547,0.003385418235699977,10,ppi,0.002778924382321168,10,ppi,control
motif_paraepi,motif,control_marginal_proba,0.497161168618632,0.04364515230396361,10,ppi,0.0028664861679625897,10,ppi,control
motif_paraepi,motif,control_cond_proba,0.4803175658419906,0.005066877439072511,10,ppi,0.0039779063736973975,10,ppi,control
motif_paraepi,motif,control_cond_proba_with_prior,0.4902304640867546,0.005868092601616425,10,ppi,0.0021099631674599897,10,ppi,control
agg_epipara,agg,exp_marginal_proba,0.7376817747814559,0.005374583124036658,10,abdb,0.001524711325278965,10,abdb,exp
agg_epipara,agg,exp_cond_proba,0.9830892419287888,0.0034546867867005933,10,abdb,0.0,10,abdb,exp
agg_epipara,agg,exp_cond_proba_with_prior,0.8602721696135831,0.009318499240324688,10,abdb,0.009746654736198427,10,abdb,exp
agg_paraepi,agg,exp_marginal_proba,0.8069723181663436,0.03325777954038872,10,abdb,0.0019294961587066066,10,abdb,exp
agg_paraepi,agg,exp_cond_proba,0.9815936028674092,0.002282044721839461,10,abdb,0.0,10,abdb,exp
agg_paraepi,agg,exp_cond_proba_with_prior,0.8888142698746979,0.0079099722314007,10,abdb,0.0035787315123139555,10,abdb,exp
agg_epipara,agg,control_marginal_proba,0.7407913324578969,0.004859376380399543,10,abdb,0.002148736741611634,10,abdb,control
agg_epipara,agg,control_cond_proba,0.9831644319734741,0.0023846387636691467,10,abdb,0.0,10,abdb,control
agg_epipara,agg,control_cond_proba_with_prior,0.9199236449171486,0.005407223833422318,10,abdb,0.0,10,abdb,control
agg_paraepi,agg,control_marginal_proba,0.8091170273814562,0.029212374950319992,10,abdb,0.002119721253796072,10,abdb,control
agg_paraepi,agg,control_cond_proba,0.9832289803833992,0.003228140591938239,10,abdb,0.0,10,abdb,control
agg_paraepi,agg,control_cond_proba_with_prior,0.9436780341701244,0.0026065715821898872,10,abdb,0.0004256093755273799,10,abdb,control
