abres,agres,region,odd,logodd
GLN,GLN,interdomain,1.8758917283514325,0.9075765616069209
GLN,GLU,interdomain,1.0829344451655865,0.11494591284744171
GLN,THR,interdomain,1.0279084051224423,0.039711714567812605
GLN,GLY,interdomain,1.0049366327671296,0.0071045337675562275
GLN,VAL,interdomain,0.7122097090640355,-0.48962599178529154
GLN,ALA,interdomain,0.8077361787948085,-0.3080439351965167
GLN,PRO,interdomain,1.3303580133622899,0.41181454241651283
GLN,ASP,interdomain,1.426137319031851,0.5121129018016066
GLN,TRP,interdomain,0.681737634343911,-0.5527114677446378
GLN,PHE,interdomain,0.4917911165849794,-1.0238824196820095
GLN,ASN,interdomain,1.2230205514907626,0.2904486469435425
GLN,LYS,interdomain,1.3973123274098884,0.4826545281513167
GLN,ILE,interdomain,0.6047739972204911,-0.7255319839122233
GLN,HIS,interdomain,0.9275542767033398,-0.10849639003838259
GLN,CYS,interdomain,0.9322045424875768,-0.10128155196509286
GLN,LEU,interdomain,0.7450763551351889,-0.42453981490953174
GLN,MET,interdomain,0.6105547386764772,-0.7118074504904908
GLN,TYR,interdomain,1.0485183976975738,0.0683521757255803
GLN,SER,interdomain,1.0755718893673658,0.10510395522835395
GLN,ARG,interdomain,1.108712782432781,0.14888567656615756
GLU,GLN,interdomain,1.2540128624145395,0.32655214594418025
GLU,GLU,interdomain,0.7929478241813415,-0.33470215489919247
GLU,THR,interdomain,0.8513377995003494,-0.2321964071995819
GLU,GLY,interdomain,1.0316651164918889,0.044974740933752415
GLU,VAL,interdomain,0.6920541059877676,-0.5310432602207623
GLU,ALA,interdomain,0.7552756138182313,-0.40492488868894627
GLU,PRO,interdomain,0.8268295609219736,-0.2743381257742697
GLU,ASP,interdomain,0.4901532950866518,-1.0286950732632147
GLU,TRP,interdomain,0.715154995583804,-0.4836721437282074
GLU,PHE,interdomain,0.5850261655890471,-0.7734269434881119
GLU,ASN,interdomain,1.1124359328482516,0.1537222511139609
GLU,LYS,interdomain,2.600602883606487,1.3788461141628319
GLU,ILE,interdomain,0.4942458337034231,-1.016699290229276
GLU,HIS,interdomain,1.417714707380497,0.5035672422688331
GLU,CYS,interdomain,0.45866547713331185,-1.1244857722569388
GLU,LEU,interdomain,0.5381261303716144,-0.8939837318927525
GLU,MET,interdomain,0.5578792063950806,-0.8419753154851691
GLU,TYR,interdomain,0.6192051583837538,-0.6915106047621737
GLU,SER,interdomain,1.077443093968633,0.10761167421715842
GLU,ARG,interdomain,2.2327126782293,1.1587976065727617
THR,GLN,interdomain,1.1198000291740198,0.16324112274990957
THR,GLU,interdomain,0.7393179870821845,-0.4357330813760103
THR,THR,interdomain,1.4846555666544035,0.5701282711500495
THR,GLY,interdomain,1.0809142430013197,0.11225206784180365
THR,VAL,interdomain,1.0223287293025791,0.03185916875893736
THR,ALA,interdomain,1.0088233740752788,0.012673607892001651
THR,PRO,interdomain,1.2963102810764904,0.3744110788653124
THR,ASP,interdomain,0.8394671316433595,-0.25245425566124924
THR,TRP,interdomain,0.9602793811656973,-0.05847389407054
THR,PHE,interdomain,1.049464901391448,0.06965391752550046
THR,ASN,interdomain,0.9902588713911293,-0.014122374087274757
THR,LYS,interdomain,1.033454906408428,0.04747543983230691
THR,ILE,interdomain,0.9382878352808097,-0.091897533733066
THR,HIS,interdomain,1.0035057468992612,0.005048878782566888
THR,CYS,interdomain,0.8810657931645587,-0.1826783391603885
THR,LEU,interdomain,0.9012178185962377,-0.15005225651786885
THR,MET,interdomain,1.0048857904600015,0.007031542299723952
THR,TYR,interdomain,0.7691485667963638,-0.3786658024497204
THR,SER,interdomain,0.8069976328431577,-0.3093636532188124
THR,ARG,interdomain,1.0888392201468131,0.12279093897533812
GLY,GLN,interdomain,1.1171424663482663,0.15981318079693937
GLY,GLU,interdomain,0.9748945643130826,-0.036681896299831006
GLY,THR,interdomain,1.167706043761465,0.22367713844496376
GLY,GLY,interdomain,1.6045620114318353,0.6821795464638573
GLY,VAL,interdomain,0.8263031337559297,-0.275256955690292
GLY,ALA,interdomain,0.9768249418144376,-0.033828056957005775
GLY,PRO,interdomain,1.0217849994899821,0.03109166124536921
GLY,ASP,interdomain,0.7747311743043269,-0.36823230163317655
GLY,TRP,interdomain,0.9517470091817833,-0.07134996369098749
GLY,PHE,interdomain,0.9604966886212084,-0.05814745477896095
GLY,ASN,interdomain,1.1811337146392369,0.2401722996436165
GLY,LYS,interdomain,0.9501790816003421,-0.07372864903488474
GLY,ILE,interdomain,0.8400583228192845,-0.25143860137546975
GLY,HIS,interdomain,0.9745687178881788,-0.0371641798390698
GLY,CYS,interdomain,1.162337408658464,0.21702892170236474
GLY,LEU,interdomain,0.7325549159281717,-0.44899117976538605
GLY,MET,interdomain,0.8263896587617413,-0.2751058941046464
GLY,TYR,interdomain,0.941375621417852,-0.08715760250919775
GLY,SER,interdomain,1.1272537508386797,0.17281231042551984
GLY,ARG,interdomain,1.1179404928337926,0.1608433966082681
VAL,GLN,interdomain,0.8023098230468513,-0.3177686339448939
VAL,GLU,interdomain,0.5937897446051,-0.7519759182605544
VAL,THR,interdomain,1.0061579316918454,0.008856775705719319
VAL,GLY,interdomain,0.8900038359275394,-0.16811654076145915
VAL,VAL,interdomain,1.9968195307984544,0.9977039503145395
VAL,ALA,interdomain,1.181801755816459,0.24098804745494382
VAL,PRO,interdomain,0.7779628495247775,-0.3622268318173711
VAL,ASP,interdomain,0.45285609585572495,-1.1428754171940247
VAL,TRP,interdomain,1.145511217726859,0.19599158669118447
VAL,PHE,interdomain,1.2692985506943075,0.3440314442363775
VAL,ASN,interdomain,0.669378490136506,-0.5791059027992551
VAL,LYS,interdomain,0.5874508610627744,-0.767459916343284
VAL,ILE,interdomain,1.4207846077827155,0.5066878572990863
VAL,HIS,interdomain,0.7507997455456347,-0.41349993366385107
VAL,CYS,interdomain,1.1419740113818986,0.19152981875935077
VAL,LEU,interdomain,1.3954451138119526,0.4807253808794103
VAL,MET,interdomain,1.1721266889144433,0.22912851139048757
VAL,TYR,interdomain,0.9505003356031383,-0.07324095862595179
VAL,SER,interdomain,0.717573820269058,-0.4788008384888505
VAL,ARG,interdomain,0.6644807347096374,-0.5897007228377987
ALA,GLN,interdomain,0.8017354309202605,-0.31880186253483367
ALA,GLU,interdomain,0.664163136071053,-0.5903904456441617
ALA,THR,interdomain,1.0968537560200926,0.13337118341718765
ALA,GLY,interdomain,1.0764547112369414,0.10628762350114689
ALA,VAL,interdomain,1.2294863179774282,0.29805568036226426
ALA,ALA,interdomain,1.6422778528938304,0.7156982337418542
ALA,PRO,interdomain,0.8856226113899289,-0.17523603793989748
ALA,ASP,interdomain,0.894573444859456,-0.1607281618725862
ALA,TRP,interdomain,1.0141950310139507,0.02033511113906227
ALA,PHE,interdomain,1.023201568103785,0.033090380330839456
ALA,ASN,interdomain,0.9448446412772892,-0.0818509652201465
ALA,LYS,interdomain,0.6195675946116204,-0.6906664064017607
ALA,ILE,interdomain,1.1171764704434919,0.15985709354256206
ALA,HIS,interdomain,0.7619064920959019,-0.3923141466011223
ALA,CYS,interdomain,1.0530992630130134,0.07464142829833026
ALA,LEU,interdomain,1.090572928556078,0.12508624879407076
ALA,MET,interdomain,1.2911552257002452,0.36866245524303265
ALA,TYR,interdomain,0.9630136892277603,-0.05437178878058605
ALA,SER,interdomain,0.9674777576570441,-0.04769960085175103
ALA,ARG,interdomain,0.8021890235200403,-0.3179858692255227
PRO,GLN,interdomain,0.9659079938315495,-0.0500423211105603
PRO,GLU,interdomain,0.8579087802594557,-0.22110383791262372
PRO,THR,interdomain,0.998185475694562,-0.0026201831295800245
PRO,GLY,interdomain,0.9214136761789273,-0.11807908343417957
PRO,VAL,interdomain,0.7384477953091241,-0.4374321618604586
PRO,ALA,interdomain,1.0536736807164604,0.07542813822372937
PRO,PRO,interdomain,1.3910573664379866,0.47618191705415497
PRO,ASP,interdomain,0.8554759788343848,-0.2252007494690524
PRO,TRP,interdomain,1.3139488856362194,0.3939091539909385
PRO,PHE,interdomain,1.0240063391986824,0.0342246464923995
PRO,ASN,interdomain,1.2001434086843092,0.2632068080304051
PRO,LYS,interdomain,0.8549192857638225,-0.22613987550287737
PRO,ILE,interdomain,0.7487398351640947,-0.4174635827727776
PRO,HIS,interdomain,1.0768344634181943,0.1067964883584907
PRO,CYS,interdomain,0.9389390966173926,-0.09089651300153842
PRO,LEU,interdomain,0.8237574378300192,-0.27970850839697364
PRO,MET,interdomain,1.020694204619663,0.029550706021460458
PRO,TYR,interdomain,1.4907040183088802,0.5759938366239974
PRO,SER,interdomain,1.0551653889068642,0.07746914779974252
PRO,ARG,interdomain,1.1892922691433654,0.2501033016508561
ASP,GLN,interdomain,1.1633123613778025,0.21823852733930185
ASP,GLU,interdomain,0.6324640885119986,-0.660944529383176
ASP,THR,interdomain,0.8016471296966822,-0.3189607662682516
ASP,GLY,interdomain,0.9872067019640463,-0.018575906176496744
ASP,VAL,interdomain,0.5344005022320983,-0.9040067312231944
ASP,ALA,interdomain,0.7591139535173795,-0.3976116244845307
ASP,PRO,interdomain,0.8065367992753271,-0.31018773519416715
ASP,ASP,interdomain,1.0003244361859565,0.00046798656478054155
ASP,TRP,interdomain,0.6017888126712192,-0.7326708078468426
ASP,PHE,interdomain,0.5227257912186904,-0.9358737514584147
ASP,ASN,interdomain,1.3708956483272134,0.4551187583013213
ASP,LYS,interdomain,2.3850570486732856,1.2540237747648368
ASP,ILE,interdomain,0.5334673616028818,-0.9065280875566366
ASP,HIS,interdomain,1.4602771208865077,0.5462421793728401
ASP,CYS,interdomain,0.6090780813841545,-0.7153009071417834
ASP,LEU,interdomain,0.4439059499886504,-1.1716740486222157
ASP,MET,interdomain,0.5884427090898988,-0.7650261338892888
ASP,TYR,interdomain,0.7514190806417619,-0.41231034436184
ASP,SER,interdomain,1.0103029642617574,0.014787985547453942
ASP,ARG,interdomain,2.3518987738153,1.233825967632869
TRP,GLN,interdomain,0.7796041087942038,-0.359186400749485
TRP,GLU,interdomain,0.726715306544472,-0.4605378012757195
TRP,THR,interdomain,1.0722905287319175,0.10069584569652604
TRP,GLY,interdomain,1.079982380369507,0.11100777538791816
TRP,VAL,interdomain,0.9998921116230108,-0.00015565842347015573
TRP,ALA,interdomain,0.8390999539222292,-0.2530854195752849
TRP,PRO,interdomain,1.2017852994228824,0.2651791796392496
TRP,ASP,interdomain,0.8207171037569959,-0.2850430754899854
TRP,TRP,interdomain,3.3008888242939607,1.7228545486359428
TRP,PHE,interdomain,1.433993498039816,0.5200384826402503
TRP,ASN,interdomain,0.8470609868954534,-0.23946225009476
TRP,LYS,interdomain,0.7845796699340424,-0.3500081421709723
TRP,ILE,interdomain,0.9663539081837579,-0.04937645026216072
TRP,HIS,interdomain,0.9806470806434177,-0.028194068140094605
TRP,CYS,interdomain,0.5796409068130258,-0.7867686815422418
TRP,LEU,interdomain,1.2253978299826322,0.2932502016081741
TRP,MET,interdomain,1.1196864282407197,0.16309475749486615
TRP,TYR,interdomain,1.035355718271816,0.05012652117143418
TRP,SER,interdomain,0.8827027114894648,-0.1800004654808385
TRP,ARG,interdomain,0.6158834801808913,-0.6992706635547914
PHE,GLN,interdomain,0.6544030245361981,-0.6117486787084182
PHE,GLU,interdomain,0.5355142005761642,-0.9010032625277554
PHE,THR,interdomain,0.941025209288835,-0.08769472280620669
PHE,GLY,interdomain,0.9716783544475674,-0.04144926381119964
PHE,VAL,interdomain,1.313710620522488,0.393647518951746
PHE,ALA,interdomain,1.1979139426985628,0.26052426964465086
PHE,PRO,interdomain,0.9807860211308119,-0.027989678041552515
PHE,ASP,interdomain,0.5504872105839261,-0.8612190487025896
PHE,TRP,interdomain,1.1898718007049636,0.25080614290261205
PHE,PHE,interdomain,2.109448644612146,1.0768659649854457
PHE,ASN,interdomain,0.6180369721839204,-0.6942349493290367
PHE,LYS,interdomain,0.603243586161488,-0.7291874234636675
PHE,ILE,interdomain,1.2300276461399349,0.29869074198789136
PHE,HIS,interdomain,0.8864253067152954,-0.17392902515246159
PHE,CYS,interdomain,0.9021173764204964,-0.14861293705770354
PHE,LEU,interdomain,1.2922359623175659,0.36986953023539426
PHE,MET,interdomain,1.2102863705911242,0.2753484496071737
PHE,TYR,interdomain,1.2701694986506342,0.34502103128556655
PHE,SER,interdomain,0.904252380927356,-0.14520260333606996
PHE,ARG,interdomain,0.5831619824762012,-0.7780314244008889
ASN,GLN,interdomain,1.2933049632333184,0.3710625048988391
ASN,GLU,interdomain,1.1939089538678858,0.25569282252270525
ASN,THR,interdomain,1.1243405687776038,0.16907910180859823
ASN,GLY,interdomain,1.038218752646783,0.05411045150755312
ASN,VAL,interdomain,0.686224069082594,-0.5432483660522472
ASN,ALA,interdomain,0.8310544309590341,-0.26698512366431576
ASN,PRO,interdomain,1.154056490204527,0.2067138445581448
ASN,ASP,interdomain,1.4083241699534488,0.4939794536873518
ASN,TRP,interdomain,0.6455361458298107,-0.6314302155447781
ASN,PHE,interdomain,0.5539181867182225,-0.8522551878043405
ASN,ASN,interdomain,1.8385610661089415,0.8785770951212711
ASN,LYS,interdomain,1.1624573798252598,0.21717782242116973
ASN,ILE,interdomain,0.547008998186818,-0.8703635296341994
ASN,HIS,interdomain,1.0787267705959036,0.10932949260754381
ASN,CYS,interdomain,1.0523543474043313,0.07362056885592708
ASN,LEU,interdomain,0.5748331652668939,-0.7987847937292685
ASN,MET,interdomain,0.7206312437740918,-0.4726668921085277
ASN,TYR,interdomain,0.9503205667455463,-0.07351384245188929
ASN,SER,interdomain,1.4059499289186044,0.4915452156144845
ASN,ARG,interdomain,1.1263704692906924,0.17168141560919772
LYS,GLN,interdomain,1.1543586987434127,0.20709158835825753
LYS,GLU,interdomain,2.515679099754735,1.3309479036484846
LYS,THR,interdomain,0.9823394722237142,-0.02570642446110706
LYS,GLY,interdomain,0.9501361344530671,-0.07379385888626219
LYS,VAL,interdomain,0.6959395058696963,-0.5229661887771918
LYS,ALA,interdomain,0.6317403612875556,-0.6625963473179864
LYS,PRO,interdomain,0.8698948337498027,-0.2010870985220332
LYS,ASP,interdomain,2.491604437775033,1.3170750471108716
LYS,TRP,interdomain,0.8022302174658582,-0.3179117859686768
LYS,PHE,interdomain,0.5722280341465715,-0.8053379161121454
LYS,ASN,interdomain,1.07307180128893,0.1017466128118412
LYS,LYS,interdomain,0.9177807331356097,-0.12377857414880106
LYS,ILE,interdomain,0.5521163156833536,-0.8569558598005032
LYS,HIS,interdomain,0.683695781144202,-0.5485735719194637
LYS,CYS,interdomain,0.9842410119814605,-0.022916462030839593
LYS,LEU,interdomain,0.6687896510493125,-0.5803755717738179
LYS,MET,interdomain,0.5377511317976732,-0.8949894388147173
LYS,TYR,interdomain,0.9391725238536918,-0.09053789287025271
LYS,SER,interdomain,1.2207129474559137,0.28772398822901535
LYS,ARG,interdomain,0.7404064771950538,-0.433610578695206
ILE,GLN,interdomain,0.5228488361291083,-0.9355341940930333
ILE,GLU,interdomain,0.5399395696279606,-0.8891301459013368
ILE,THR,interdomain,0.9409231077012854,-0.08785126425087811
ILE,GLY,interdomain,0.816243910834915,-0.2929277706675447
ILE,VAL,interdomain,1.4187918831288087,0.504662981788818
ILE,ALA,interdomain,1.122006558916239,0.16608110953696775
ILE,PRO,interdomain,0.9046644066331379,-0.1445453841020866
ILE,ASP,interdomain,0.5167128579310896,-0.9525653105195645
ILE,TRP,interdomain,1.1885853110861655,0.24924545688898142
ILE,PHE,interdomain,1.4111853892765676,0.49690752912643904
ILE,ASN,interdomain,0.5415225305682911,-0.8849067310834235
ILE,LYS,interdomain,0.5362069502359424,-0.8991381754439076
ILE,ILE,interdomain,2.3308107753424756,1.2208318853951008
ILE,HIS,interdomain,0.7913406480388432,-0.33762923022247554
ILE,CYS,interdomain,0.7332834323749062,-0.44755715103682514
ILE,LEU,interdomain,1.4889764527306049,0.5743209387437864
ILE,MET,interdomain,1.2924529865655818,0.3701118029523774
ILE,TYR,interdomain,0.9420118651171638,-0.08618286345918917
ILE,SER,interdomain,0.7467735664021125,-0.4212572336000577
ILE,ARG,interdomain,0.5912305573671109,-0.75820725872075
HIS,GLN,interdomain,0.9343096602882794,-0.09802731013316834
HIS,GLU,interdomain,1.4361323814906413,0.5221887417217667
HIS,THR,interdomain,1.0521224887703249,0.07330267388357868
HIS,GLY,interdomain,0.8023196598227583,-0.31775094578950214
HIS,VAL,interdomain,0.696555104303617,-0.5216906062949829
HIS,ALA,interdomain,0.8829433707473804,-0.17960718403719939
HIS,PRO,interdomain,0.9672136725215473,-0.048093456235381714
HIS,ASP,interdomain,1.739405184177995,0.7985940390932501
HIS,TRP,interdomain,1.2070647451148444,0.27150306213348635
HIS,PHE,interdomain,0.762764029302235,-0.3906912847591095
HIS,ASN,interdomain,1.0462243067891654,0.06519219345853056
HIS,LYS,interdomain,0.6853146978649547,-0.5451614662428934
HIS,ILE,interdomain,0.7130829939789733,-0.4878580967121868
HIS,HIS,interdomain,2.3110139704030406,1.2085259811254339
HIS,CYS,interdomain,1.322698186030931,0.40348390425417047
HIS,LEU,interdomain,0.8405323737321491,-0.2506247078787836
HIS,MET,interdomain,1.174447287978182,0.23198196317638387
HIS,TYR,interdomain,1.1313395724358872,0.17803202034459492
HIS,SER,interdomain,1.1550322151643995,0.2079330906108316
HIS,ARG,interdomain,0.6476002939656249,-0.6268244543632315
CYS,GLN,interdomain,1.0404499838921444,0.05720761406400637
CYS,GLU,interdomain,0.7446547468964853,-0.4253564080928054
CYS,THR,interdomain,0.9054921141321717,-0.1432260179879536
CYS,GLY,interdomain,0.9689232539586498,-0.04554569706756652
CYS,VAL,interdomain,0.7651306050656544,-0.3862220631630814
CYS,ALA,interdomain,0.6251239327872042,-0.6777858579241958
CYS,PRO,interdomain,1.059255269494572,0.08305030571835025
CYS,ASP,interdomain,0.6962904829596398,-0.5222387903991701
CYS,TRP,interdomain,0.9489003129039796,-0.07567156257589569
CYS,PHE,interdomain,1.592062204154677,0.6708967051480728
CYS,ASN,interdomain,1.34138344757989,0.4237217046889896
CYS,LYS,interdomain,0.8728261578337937,-0.19623375627395756
CYS,ILE,interdomain,0.741440444619882,-0.43159728043022993
CYS,HIS,interdomain,1.748934084745005,0.8064759168161704
CYS,CYS,interdomain,8.499634903694112,3.0874008725512447
CYS,LEU,interdomain,0.809999290122522,-0.30400745125697143
CYS,MET,interdomain,0.5499393149398981,-0.8626556669147949
CYS,TYR,interdomain,1.261855077849644,0.33554622848738186
CYS,SER,interdomain,0.8499257276571903,-0.23459132072215683
CYS,ARG,interdomain,1.0349212025505619,0.049520927128297705
LEU,GLN,interdomain,0.6765981938429642,-0.563628768978158
LEU,GLU,interdomain,0.5191951947908494,-0.9456510637912434
LEU,THR,interdomain,0.8016726720456193,-0.31891479936868816
LEU,GLY,interdomain,0.7524753349794743,-0.41028380163427375
LEU,VAL,interdomain,1.3877104884957916,0.4727066166356657
LEU,ALA,interdomain,1.2125770118454986,0.2780763770559217
LEU,PRO,interdomain,0.7869786753371625,-0.34560355115223473
LEU,ASP,interdomain,0.3788801574907135,-1.400186509116603
LEU,TRP,interdomain,1.1288434914012389,0.17484547740303769
LEU,PHE,interdomain,1.478128801735621,0.5637719890570722
LEU,ASN,interdomain,0.5866849232425224,-0.7693421770944237
LEU,LYS,interdomain,0.5676942922305889,-0.8168138584921525
LEU,ILE,interdomain,1.5129821254837947,0.5973949435174956
LEU,HIS,interdomain,0.9125351273080714,-0.13204799954955057
LEU,CYS,interdomain,0.9795589008230581,-0.02979585061248877
LEU,LEU,interdomain,1.982231979188828,0.9871258099720029
LEU,MET,interdomain,1.3038693694608363,0.38279933776582226
LEU,TYR,interdomain,1.0174376693850167,0.024940414320952006
LEU,SER,interdomain,0.6594635327098767,-0.6006352119583
LEU,ARG,interdomain,0.5752845627889375,-0.7976523374874868
MET,GLN,interdomain,0.7285217771973945,-0.4569559964683984
MET,GLU,interdomain,0.754095783109055,-0.4071803127195798
MET,THR,interdomain,0.9973279321335016,-0.003860138635959821
MET,GLY,interdomain,0.8659122356701424,-0.20770728654028364
MET,VAL,interdomain,1.092403800165722,0.1275062379550401
MET,ALA,interdomain,0.9930126329632609,-0.010116023259074094
MET,PRO,interdomain,1.0366143950224305,0.051879333065693325
MET,ASP,interdomain,0.600190781411457,-0.7365069347550793
MET,TRP,interdomain,1.5226869582179108,0.6066193756748444
MET,PHE,interdomain,1.380747376158336,0.46544938585043605
MET,ASN,interdomain,0.6349172065070771,-0.6553596188280867
MET,LYS,interdomain,0.5680662963270691,-0.815868785226217
MET,ILE,interdomain,1.1968425397465752,0.25923335940798325
MET,HIS,interdomain,1.0771266938550648,0.10718795261793933
MET,CYS,interdomain,0.8315663149834316,-0.266096776073749
MET,LEU,interdomain,1.338768929782231,0.4209069743853328
MET,MET,interdomain,3.1452583456311296,1.6531785222407913
MET,TYR,interdomain,0.9884234130612037,-0.016798910295903618
MET,SER,interdomain,0.6999784743817025,-0.5146175376587048
MET,ARG,interdomain,0.6263003922620858,-0.6750733123611109
TYR,GLN,interdomain,0.9987975483944088,-0.0017358147942141188
TYR,GLU,interdomain,0.6516322547419692,-0.617870078186927
TYR,THR,interdomain,0.8330549512566242,-0.26351643088040605
TYR,GLY,interdomain,0.9085524043795069,-0.13835836484401318
TYR,VAL,interdomain,0.959965244358057,-0.058945921032690994
TYR,ALA,interdomain,1.037345409185056,0.052896354271962265
TYR,PRO,interdomain,1.1494979200086997,0.2010038555333883
TYR,ASP,interdomain,0.7395487995906246,-0.4352827472864138
TYR,TRP,interdomain,1.0682626812110483,0.09526644317086341
TYR,PHE,interdomain,1.1412644933858083,0.19063318170177448
TYR,ASN,interdomain,1.1416881685456346,0.19116865847204556
TYR,LYS,interdomain,1.0932876711297692,0.1286730598444719
TYR,ILE,interdomain,1.0814127246546597,0.1129172373862292
TYR,HIS,interdomain,1.0895567526335113,0.12374134524729997
TYR,CYS,interdomain,1.0494705439849306,0.06966167435447092
TYR,LEU,interdomain,0.9771341931422824,-0.03337138890001975
TYR,MET,interdomain,1.0562656657197151,0.07897273849640295
TYR,TYR,interdomain,1.1455583126959312,0.19605089844705986
TYR,SER,interdomain,0.9417098444044528,-0.08664548358614858
TYR,ARG,interdomain,1.152853153307039,0.2052087588805488
SER,GLN,interdomain,1.1740463030561024,0.2314893078279634
SER,GLU,interdomain,0.99090382974154,-0.013183048663819063
SER,THR,interdomain,0.9880845923864522,-0.017293535069145688
SER,GLY,interdomain,1.1022694307770597,0.14047690896874201
SER,VAL,interdomain,0.7216857534946819,-0.47055731949943164
SER,ALA,interdomain,0.9210904561601484,-0.11858525100776299
SER,PRO,interdomain,1.1430680626845358,0.19291130974134604
SER,ASP,interdomain,0.9871228972761389,-0.018698382796171944
SER,TRP,interdomain,0.8132797848443761,-0.29817634065764803
SER,PHE,interdomain,0.728031564644519,-0.4579270934071803
SER,ASN,interdomain,1.3425961781922062,0.4250254407848891
SER,LYS,interdomain,1.1436438107799698,0.19363779299380543
SER,ILE,interdomain,0.8113549453659813,-0.30159490314150766
SER,HIS,interdomain,1.1250470718819667,0.16998536495340266
SER,CYS,interdomain,1.1419499853155781,0.191499465484212
SER,LEU,interdomain,0.6611812695187009,-0.596882239517928
SER,MET,interdomain,0.8884038776149075,-0.17071240506011287
SER,TYR,interdomain,1.0031174065606479,0.00449047130408929
SER,SER,interdomain,1.496674534365074,0.5817605282049374
SER,ARG,interdomain,1.2371071139278746,0.30697042031615446
ARG,GLN,interdomain,1.1039483661534648,0.14267269599617466
ARG,GLU,interdomain,2.3948630675705793,1.2599431685357696
ARG,THR,interdomain,1.0525348731527377,0.0738680342332721
ARG,GLY,interdomain,1.1126493548390495,0.15399900711103554
ARG,VAL,interdomain,0.6563528259919968,-0.6074565430453348
ARG,ALA,interdomain,0.8249599672939298,-0.27760398327173536
ARG,PRO,interdomain,1.0615472365369345,0.08616856945463762
ARG,ASP,interdomain,2.1780992813005686,1.1230697159352356
ARG,TRP,interdomain,0.691944801850428,-0.531271139789631
ARG,PHE,interdomain,0.5176808883075205,-0.9498650369800297
ARG,ASN,interdomain,1.0555803655348228,0.07803642098240268
ARG,LYS,interdomain,0.6787687571545084,-0.5590079338600339
ARG,ILE,interdomain,0.644810827376939,-0.6330521257239202
ARG,HIS,interdomain,0.649546850702761,-0.6224945063368307
ARG,CYS,interdomain,1.0965575623969108,0.13298154644365995
ARG,LEU,interdomain,0.6009113528929617,-0.734775916221353
ARG,MET,interdomain,0.658079070695554,-0.6036671552325977
ARG,TYR,interdomain,1.2232682372343522,0.2907407915152248
ARG,SER,interdomain,1.2735617436317097,0.3488689047019856
ARG,ARG,interdomain,0.6934681811017777,-0.5280984070317808
GLN,GLN,intradomain,1.2730270334788,0.34826305604343005
GLN,GLU,intradomain,1.1896248256631439,0.2505066596712532
GLN,THR,intradomain,1.2744712590154503,0.349898839077325
GLN,GLY,intradomain,1.4284440805999943,0.5144445600963745
GLN,VAL,intradomain,0.717605926470333,-0.4787362898391441
GLN,ALA,intradomain,0.6191093545857899,-0.6917338366843535
GLN,PRO,intradomain,1.3117986944423548,0.3915463443368204
GLN,ASP,intradomain,1.1763316054929194,0.23429481031292124
GLN,TRP,intradomain,1.141803218113066,0.1913140336124992
GLN,PHE,intradomain,0.649595990707975,-0.6223853666185402
GLN,ASN,intradomain,1.5341367507538126,0.6174270883434828
GLN,LYS,intradomain,1.3111057451261543,0.39078404850152615
GLN,ILE,intradomain,0.6005834346159187,-0.7355634120786327
GLN,HIS,intradomain,1.0415412781398135,0.058720017091011975
GLN,CYS,intradomain,0.6907484648974128,-0.5337676440564005
GLN,LEU,intradomain,0.6225492640961069,-0.683740088622361
GLN,MET,intradomain,0.8471418319920159,-0.23932456313227932
GLN,TYR,intradomain,0.9043293570771056,-0.14507979648997188
GLN,SER,intradomain,1.2726563017000703,0.3478428522458379
GLN,ARG,intradomain,1.3449066832594079,0.42750607444036515
GLU,GLN,intradomain,1.1570741793245736,0.21048135771523113
GLU,GLU,intradomain,0.783247242212626,-0.35246030996313366
GLU,THR,intradomain,0.8936652833629942,-0.16219351454528425
GLU,GLY,intradomain,0.849292397187923,-0.2356667597799286
GLU,VAL,intradomain,0.6939643071579159,-0.5270666326753194
GLU,ALA,intradomain,0.7218703433762416,-0.47018835994357766
GLU,PRO,intradomain,1.3556757095561447,0.43901211345358393
GLU,ASP,intradomain,1.0045713696054963,0.006580063740973451
GLU,TRP,intradomain,0.5256235270797456,-0.9278982422833836
GLU,PHE,intradomain,0.7047946132270054,-0.5047251971619308
GLU,ASN,intradomain,1.2158232591624716,0.28193352346733713
GLU,LYS,intradomain,2.5126536231528904,1.3292118050817965
GLU,ILE,intradomain,0.46796589979573233,-1.0955246889846342
GLU,HIS,intradomain,1.0857015123387848,0.11862752316213748
GLU,CYS,intradomain,0.29802978317558293,-1.7464715833520414
GLU,LEU,intradomain,0.6244826565362619,-0.6792665897900406
GLU,MET,intradomain,0.4948763018866536,-1.0148601372837742
GLU,TYR,intradomain,0.6159660036411886,-0.6990773669082945
GLU,SER,intradomain,0.9827893591823498,-0.025045857392780115
GLU,ARG,intradomain,2.755975077581397,1.462562841738758
THR,GLN,intradomain,1.2218831897178402,0.28910637216993823
THR,GLU,intradomain,0.7828078776438161,-0.3532698205520755
THR,THR,intradomain,1.1065858440110186,0.14611537334870578
THR,GLY,intradomain,0.9634866105899591,-0.053663477115392655
THR,VAL,intradomain,1.1812784352314214,0.24034905769231832
THR,ALA,intradomain,0.9271143547159685,-0.10918079615892572
THR,PRO,intradomain,1.6871538465714455,0.7545915347195654
THR,ASP,intradomain,0.7363975789463115,-0.44144321133899406
THR,TRP,intradomain,0.9631673030281135,-0.05414167762349077
THR,PHE,intradomain,1.1102479809532382,0.15088194768746283
THR,ASN,intradomain,0.9203120745251742,-0.1198049380374796
THR,LYS,intradomain,0.8649206237888867,-0.20936035626596566
THR,ILE,intradomain,1.0561959115031891,0.07887746191160275
THR,HIS,intradomain,1.104267513131942,0.1430897129832262
THR,CYS,intradomain,1.4248746807999886,0.5108350383378635
THR,LEU,intradomain,0.8357138977096961,-0.2589189671747228
THR,MET,intradomain,0.796707842369863,-0.32787731877323384
THR,TYR,intradomain,0.9654426401335788,-0.050737548039846946
THR,SER,intradomain,1.1104509413306352,0.1511456573942084
THR,ARG,intradomain,0.8866736467343114,-0.1735248977736322
GLY,GLN,intradomain,0.9213173188712559,-0.11822996189710346
GLY,GLU,intradomain,0.8431383835278602,-0.24615865607505316
GLY,THR,intradomain,0.8539568798264624,-0.2277648714480522
GLY,GLY,intradomain,1.5560326624466896,0.6378723440357335
GLY,VAL,intradomain,0.8429523847731611,-0.24647695386441204
GLY,ALA,intradomain,1.361316736097488,0.44500277619792733
GLY,PRO,intradomain,0.9508107574162507,-0.07276986894895522
GLY,ASP,intradomain,1.0435206245492084,0.06145911476781741
GLY,TRP,intradomain,1.1349814022963638,0.18266865783810188
GLY,PHE,intradomain,0.7636525422729755,-0.38901172568552483
GLY,ASN,intradomain,0.8952846990249429,-0.15958156495944237
GLY,LYS,intradomain,0.9076977819975259,-0.13971606277853907
GLY,ILE,intradomain,0.9026224450715133,-0.1478054410979246
GLY,HIS,intradomain,0.7008360742996654,-0.512851057856715
GLY,CYS,intradomain,1.2164821750736214,0.2827151808424782
GLY,LEU,intradomain,0.8321191328729403,-0.26513800389948994
GLY,MET,intradomain,0.9079449981468461,-0.13932319087801284
GLY,TYR,intradomain,0.8689671603894276,-0.20262643849042744
GLY,SER,intradomain,1.3820760739690285,0.4668370285461872
GLY,ARG,intradomain,1.2219996016452055,0.2892438148582953
VAL,GLN,intradomain,0.5428013672646648,-0.8815037401153648
VAL,GLU,intradomain,0.6391833397668462,-0.6456982897957393
VAL,THR,intradomain,1.0422358909438365,0.05968184208812551
VAL,GLY,intradomain,0.6509746126955277,-0.6193268139426026
VAL,VAL,intradomain,1.3874028699566607,0.4723867740307821
VAL,ALA,intradomain,1.3126752192825193,0.39251001029709226
VAL,PRO,intradomain,0.8158193395397252,-0.2936783873066377
VAL,ASP,intradomain,0.5078010960470695,-0.9776645859595152
VAL,TRP,intradomain,0.8258055056929972,-0.2761260578100545
VAL,PHE,intradomain,1.401422384525791,0.4868918452905147
VAL,ASN,intradomain,0.7431218404576798,-0.4283293239442608
VAL,LYS,intradomain,0.7362562154950715,-0.44172018662193313
VAL,ILE,intradomain,1.3190852101998791,0.3995377627411824
VAL,HIS,intradomain,1.0824893456049438,0.11435282530437371
VAL,CYS,intradomain,0.8486976648692574,-0.23667738689849135
VAL,LEU,intradomain,1.4898848598610623,0.5752008417438386
VAL,MET,intradomain,1.322726263195321,0.4035145282894484
VAL,TYR,intradomain,0.7192169844456635,-0.4755010041153653
VAL,SER,intradomain,0.6743496112443511,-0.5684313556474092
VAL,ARG,intradomain,0.5736778442820435,-0.8016872934072362
ALA,GLN,intradomain,0.8214146542346051,-0.2838174093149685
ALA,GLU,intradomain,0.7752762305230005,-0.36721766140158874
ALA,THR,intradomain,0.8415428293053375,-0.24889139724297069
ALA,GLY,intradomain,1.162502329924091,0.21723360771878808
ALA,VAL,intradomain,1.0719861036163678,0.1002862039545504
ALA,ALA,intradomain,1.2630054361045342,0.33686084864579413
ALA,PRO,intradomain,0.7164008626552614,-0.4811610203388675
ALA,ASP,intradomain,0.5891205224591801,-0.7633652836380086
ALA,TRP,intradomain,1.2849984670888945,0.3617666383883604
ALA,PHE,intradomain,1.0782149116827187,0.10864476725255075
ALA,ASN,intradomain,0.8795704114960309,-0.1851290217380558
ALA,LYS,intradomain,0.9193784336074282,-0.121269270469144
ALA,ILE,intradomain,1.2100047950717234,0.27501276470027386
ALA,HIS,intradomain,1.1667527633386936,0.22249888418682917
ALA,CYS,intradomain,0.9278861224612562,-0.10798033763960294
ALA,LEU,intradomain,1.1342414606434676,0.18172779812048714
ALA,MET,intradomain,1.078831109060031,0.10946902868794973
ALA,TYR,intradomain,1.0233876399047925,0.033352714231802236
ALA,SER,intradomain,0.9760133321901115,-0.035027239975031856
ALA,ARG,intradomain,0.6351072512492869,-0.6549278529553823
PRO,GLN,intradomain,1.4353655512167915,0.5214182015469094
PRO,GLU,intradomain,1.1108445255755337,0.1516569104469329
PRO,THR,intradomain,1.5558315502677855,0.6376858683261664
PRO,GLY,intradomain,1.1265114430240235,0.17186196844254964
PRO,VAL,intradomain,0.9078005553178274,-0.13955272408894012
PRO,ALA,intradomain,0.9136196253420877,-0.1303344535127827
PRO,PRO,intradomain,0.9487475510670681,-0.07590383827805273
PRO,ASP,intradomain,0.828328357321754,-0.27172531560014396
PRO,TRP,intradomain,0.8787981430993415,-0.18639627353787275
PRO,PHE,intradomain,1.0598786599166623,0.0838991074707529
PRO,ASN,intradomain,0.941561103404449,-0.08687337209446785
PRO,LYS,intradomain,0.7709126566075634,-0.3753606809432008
PRO,ILE,intradomain,0.8078277619478071,-0.30788036808850006
PRO,HIS,intradomain,1.0773629746547935,0.10750439056087759
PRO,CYS,intradomain,1.0685317529952363,0.09562978044330174
PRO,LEU,intradomain,0.7338003313063419,-0.44654053893281087
PRO,MET,intradomain,0.6227916749145757,-0.6831784353768529
PRO,TYR,intradomain,1.4940445591307514,0.5792231764258879
PRO,SER,intradomain,0.992987478528815,-0.010152569256854744
PRO,ARG,intradomain,1.0138790203346688,0.019885515086832856
ASP,GLN,intradomain,1.477145368876465,0.5628118116390638
ASP,GLU,intradomain,0.7093443645032844,-0.49544191404027194
ASP,THR,intradomain,1.0550293097422403,0.07728307896318541
ASP,GLY,intradomain,1.0556263262018781,0.07809923551089641
ASP,VAL,intradomain,0.7138254205584269,-0.4863568157187553
ASP,ALA,intradomain,0.7290800363619203,-0.4558508966255186
ASP,PRO,intradomain,1.1260334991432686,0.17124974778135163
ASP,ASP,intradomain,0.7749368914564274,-0.3678492684876121
ASP,TRP,intradomain,0.7219383596840458,-0.47005243225477317
ASP,PHE,intradomain,0.42889791983879405,-1.2212937759890472
ASP,ASN,intradomain,1.4459625230190916,0.5320301604804739
ASP,LYS,intradomain,2.455514625055225,1.29602541525642
ASP,ILE,intradomain,0.5113660874804561,-0.9675716070611052
ASP,HIS,intradomain,1.8672915984168597,0.9009472380840368
ASP,CYS,intradomain,0.7936978610750113,-0.3333381772983489
ASP,LEU,intradomain,0.4647447401111589,-1.1054895577866908
ASP,MET,intradomain,0.819560734638498,-0.28707722876575836
ASP,TYR,intradomain,0.8550989187300585,-0.22583677277585248
ASP,SER,intradomain,0.7715490295611177,-0.37417025635817297
ASP,ARG,intradomain,2.1395323351711357,1.0972954828588213
TRP,GLN,intradomain,1.086998695198517,0.12035020859727501
TRP,GLU,intradomain,1.095606579119473,0.13172983456824916
TRP,THR,intradomain,0.8043520921024567,-0.3141009388339567
TRP,GLY,intradomain,0.7689822710520949,-0.378977757766666
TRP,VAL,intradomain,1.0193878704691233,0.027703092063839908
TRP,ALA,intradomain,0.6066484034664446,-0.721067482096627
TRP,PRO,intradomain,1.759767715357475,0.8153850095341209
TRP,ASP,intradomain,1.280612976046337,0.35683453352270394
TRP,TRP,intradomain,1.062021753399014,0.08681331717734272
TRP,PHE,intradomain,1.662038540022188,0.7329538362925092
TRP,ASN,intradomain,0.7776013615705876,-0.3628973497998738
TRP,LYS,intradomain,0.9747523835284284,-0.03689231748764768
TRP,ILE,intradomain,0.8853634144718535,-0.17565833614612883
TRP,HIS,intradomain,0.8772368850952026,-0.18896162074045342
TRP,CYS,intradomain,1.4014513469713916,0.48692166038790713
TRP,LEU,intradomain,0.9967731579955743,-0.004662876192458232
TRP,MET,intradomain,1.1765031919751001,0.2345052347486963
TRP,TYR,intradomain,1.5476617503766794,0.6300901973371232
TRP,SER,intradomain,0.7461753909988399,-0.42241331429495954
TRP,ARG,intradomain,0.6058239933849954,-0.7230293783386272
PHE,GLN,intradomain,0.5738073108981891,-0.8013617452377921
PHE,GLU,intradomain,0.5461633366204833,-0.8725956241586293
PHE,THR,intradomain,0.946608557089368,-0.07916013117301643
PHE,GLY,intradomain,0.8009835415065785,-0.32015549623688283
PHE,VAL,intradomain,1.098294904111059,0.1352654856487374
PHE,ALA,intradomain,1.1882394009058896,0.2488255328595127
PHE,PRO,intradomain,0.84852431478004,-0.2369720935637596
PHE,ASP,intradomain,0.6603297816508942,-0.5987413802238252
PHE,TRP,intradomain,1.6171901580515322,0.6934893287485542
PHE,PHE,intradomain,1.6720407385224896,0.7416099984644721
PHE,ASN,intradomain,0.8798324057261121,-0.18469935574505678
PHE,LYS,intradomain,0.6017654481953074,-0.7327268216297373
PHE,ILE,intradomain,1.184103485618328,0.24379517189943112
PHE,HIS,intradomain,1.0632213786273967,0.0884420188780037
PHE,CYS,intradomain,1.214026031942352,0.27979935713847237
PHE,LEU,intradomain,1.2268760054582364,0.2949894500197333
PHE,MET,intradomain,1.26749027164919,0.3419746741735224
PHE,TYR,intradomain,1.2759874686698907,0.3516141606258391
PHE,SER,intradomain,0.6850020002892138,-0.5458198939629344
PHE,ARG,intradomain,0.5841198815098734,-0.7756636047021473
ASN,GLN,intradomain,1.0335073167188529,0.04754860236436642
ASN,GLU,intradomain,1.43608653605996,0.5221426860572121
ASN,THR,intradomain,1.0411758128028648,0.05821370249174422
ASN,GLY,intradomain,1.1528596806587423,0.20521692726803736
ASN,VAL,intradomain,0.5604697918625484,-0.8352914779753761
ASN,ALA,intradomain,0.900685303530949,-0.1509049736887561
ASN,PRO,intradomain,0.9301833816665052,-0.10441292948354128
ASN,ASP,intradomain,1.5490285234783456,0.6313637098485182
ASN,TRP,intradomain,0.5814341217480516,-0.782312355659155
ASN,PHE,intradomain,0.526981440288056,-0.9241759422770303
ASN,ASN,intradomain,1.7245360088789947,0.786208253060167
ASN,LYS,intradomain,1.7551512999107508,0.8115954010269527
ASN,ILE,intradomain,0.7296163208043192,-0.45479009334509324
ASN,HIS,intradomain,1.046470289934865,0.06553135299631783
ASN,CYS,intradomain,1.3124861282723481,0.39230217494756103
ASN,LEU,intradomain,0.6040603296800848,-0.7272354509930241
ASN,MET,intradomain,1.065115307666405,0.09100962274555209
ASN,TYR,intradomain,0.9090369449504914,-0.13758916546937316
ASN,SER,intradomain,1.4584051904447952,0.5443916010314024
ASN,ARG,intradomain,1.0822312416620203,0.11400879450202037
LYS,GLN,intradomain,1.7681988652691245,0.8222805404552296
LYS,GLU,intradomain,2.601756321403793,1.3794858466195263
LYS,THR,intradomain,1.0979587324071494,0.1348238305995745
LYS,GLY,intradomain,0.8592926286599535,-0.21877857583612872
LYS,VAL,intradomain,0.9691902376467189,-0.04514822184552171
LYS,ALA,intradomain,0.7321971804982819,-0.44969587667918187
LYS,PRO,intradomain,0.8873991011187474,-0.172345003090711
LYS,ASP,intradomain,1.9941264500584572,0.9957568957381713
LYS,TRP,intradomain,0.7586115777993749,-0.3985667049237052
LYS,PHE,intradomain,0.5494003027273294,-0.8640703895280225
LYS,ASN,intradomain,1.08144923482707,0.1129659441882998
LYS,LYS,intradomain,0.8145732370616117,-0.2958836797514936
LYS,ILE,intradomain,0.7374955460831006,-0.4392937582892177
LYS,HIS,intradomain,0.7360682643168003,-0.44208852422415607
LYS,CYS,intradomain,0.5612855486018914,-0.8331931801248005
LYS,LEU,intradomain,0.6718158946509737,-0.5738621658483423
LYS,MET,intradomain,0.69527194422894,-0.5243507201400627
LYS,TYR,intradomain,1.2200458615628327,0.28693537976004063
LYS,SER,intradomain,1.1307009883952193,0.17721746195948965
LYS,ARG,intradomain,0.7271970407497559,-0.45958176623589597
ILE,GLN,intradomain,0.7881273021734865,-0.3434994152299513
ILE,GLU,intradomain,0.6197822179713339,-0.6901667314001281
ILE,THR,intradomain,0.9338974125184046,-0.09866401452373225
ILE,GLY,intradomain,0.8627334381638105,-0.21301322128108285
ILE,VAL,intradomain,1.306165955422584,0.3853382107086401
ILE,ALA,intradomain,1.2788575949696008,0.3548556242904383
ILE,PRO,intradomain,0.5094531910941125,-0.972978498209118
ILE,ASP,intradomain,0.4505018032856926,-1.1503952139626015
ILE,TRP,intradomain,0.9797399973934788,-0.02952915610758208
ILE,PHE,intradomain,1.291430856504026,0.3689704033094926
ILE,ASN,intradomain,0.7413860729154588,-0.4317030807884561
ILE,LYS,intradomain,0.5965242944273274,-0.7453471996557213
ILE,ILE,intradomain,1.3441530478458412,0.4266974154956189
ILE,HIS,intradomain,0.777157123384676,-0.3637217868445093
ILE,CYS,intradomain,1.0996810290768109,0.13708511965750947
ILE,LEU,intradomain,1.3752980399679995,0.45974429804822226
ILE,MET,intradomain,1.6246436699909192,0.7001233292743199
ILE,TYR,intradomain,0.8727861002756456,-0.19629996896263688
ILE,SER,intradomain,0.8475001459673938,-0.23871447815883276
ILE,ARG,intradomain,0.6550171441906593,-0.6103954271454364
HIS,GLN,intradomain,1.198415541499005,0.26112823843713523
HIS,GLU,intradomain,1.4059367695156477,0.4915317122216221
HIS,THR,intradomain,0.7887733800038089,-0.34231723128580727
HIS,GLY,intradomain,0.9884142334742154,-0.016812308811101625
HIS,VAL,intradomain,0.7816740604115235,-0.35536093166674315
HIS,ALA,intradomain,0.6184225331386948,-0.6933352079415542
HIS,PRO,intradomain,1.336252384038677,0.41819252189353656
HIS,ASP,intradomain,1.9256951031650942,0.9453792982111768
HIS,TRP,intradomain,1.8488576069665712,0.8866341173144462
HIS,PHE,intradomain,0.8281611686757407,-0.2720165365557006
HIS,ASN,intradomain,1.4442117860932218,0.5302823214094354
HIS,LYS,intradomain,0.7292478084504914,-0.4555189493722176
HIS,ILE,intradomain,0.7780240563309408,-0.362113331176159
HIS,HIS,intradomain,1.3162251828646148,0.39640632981077845
HIS,CYS,intradomain,1.5890291245350416,0.6681455673781932
HIS,LEU,intradomain,0.7581214103771936,-0.3994991856428796
HIS,MET,intradomain,0.7250106797781694,-0.46392584796734776
HIS,TYR,intradomain,1.3329368388629317,0.4146084200232081
HIS,SER,intradomain,1.1193321559336227,0.16263821201690443
HIS,ARG,intradomain,0.7210822995141049,-0.47176416645467983
CYS,GLN,intradomain,1.0180929009363682,0.025869213284918913
CYS,GLU,intradomain,0.5235472626961221,-0.9336083140263572
CYS,THR,intradomain,0.7056452271599488,-0.5029850638837743
CYS,GLY,intradomain,1.086514370945128,0.11970725666752072
CYS,VAL,intradomain,0.9186854422702417,-0.12235712734509928
CYS,ALA,intradomain,1.0960101829758873,0.13226120236830052
CYS,PRO,intradomain,1.0052842351025586,0.007603468166794093
CYS,ASP,intradomain,1.5647526370071083,0.6459346075927825
CYS,TRP,intradomain,0.9310686352514383,-0.10304057255217686
CYS,PHE,intradomain,1.3609254361955054,0.4445880251241805
CYS,ASN,intradomain,1.1270211572947073,0.17251459912827577
CYS,LYS,intradomain,0.5462322017835717,-0.8724137277192603
CYS,ILE,intradomain,0.6868990710313935,-0.5418299615201021
CYS,HIS,intradomain,1.0509422302836635,0.0716833673268093
CYS,CYS,intradomain,4.274719328800534,2.095829698070911
CYS,LEU,intradomain,0.871217377586645,-0.19889536407859293
CYS,MET,intradomain,0.6273350602702672,-0.6726919011776802
CYS,TYR,intradomain,1.237697185447678,0.3076583884692215
CYS,SER,intradomain,1.5545913906315256,0.6365354316904116
CYS,ARG,intradomain,0.7861174007324422,-0.34718331063944186
LEU,GLN,intradomain,0.7063192417959345,-0.5016076954470133
LEU,GLU,intradomain,0.5309182411370109,-0.9134383848707832
LEU,THR,intradomain,0.9334532467329969,-0.09935032995661608
LEU,GLY,intradomain,0.6860987852908887,-0.5435117826453952
LEU,VAL,intradomain,1.3683622053335112,0.45245016200204796
LEU,ALA,intradomain,1.0865548235832103,0.11976096947197815
LEU,PRO,intradomain,0.6690147250965153,-0.579890129775592
LEU,ASP,intradomain,0.5693105117971582,-0.8127123568698379
LEU,TRP,intradomain,0.9690997833695254,-0.045282874488639074
LEU,PHE,intradomain,1.1737436763088835,0.23111738519969743
LEU,ASN,intradomain,0.5562281425056093,-0.8462513548303191
LEU,LYS,intradomain,0.5851887099786123,-0.7730261589977516
LEU,ILE,intradomain,1.5508257448637552,0.6330365902139661
LEU,HIS,intradomain,0.7380866653780139,-0.4381378688859151
LEU,CYS,intradomain,0.9068570688233816,-0.14105291166286657
LEU,LEU,intradomain,1.5430287992124168,0.6257649887350903
LEU,MET,intradomain,1.2493991004071996,0.3212343962466236
LEU,TYR,intradomain,1.0550610051565241,0.07732642006255615
LEU,SER,intradomain,0.8501791377404043,-0.23416123728376123
LEU,ARG,intradomain,0.6854402143249815,-0.5448972585813686
MET,GLN,intradomain,0.693724473898243,-0.5275653125847326
MET,GLU,intradomain,0.712939152500529,-0.48814914322761704
MET,THR,intradomain,0.8453988473493433,-0.24229594954553135
MET,GLY,intradomain,0.9198368913648696,-0.12055003467566605
MET,VAL,intradomain,1.0885344291637753,0.12238703912769588
MET,ALA,intradomain,1.0203507028233256,0.0290651034352714
MET,PRO,intradomain,1.1850614066132898,0.2449618175380157
MET,ASP,intradomain,0.7823867655516583,-0.3540461282711376
MET,TRP,intradomain,1.581148174326093,0.6609725734828648
MET,PHE,intradomain,1.4083475362204523,0.4940033900214705
MET,ASN,intradomain,0.47587864734275204,-1.071334372609653
MET,LYS,intradomain,0.6554095085145619,-0.609531491601904
MET,ILE,intradomain,1.3416924673528423,0.4240540257339999
MET,HIS,intradomain,0.6266950347257021,-0.6741645321185867
MET,CYS,intradomain,1.0838189954893818,0.11612383776728238
MET,LEU,intradomain,1.2179895725474426,0.28450178209606036
MET,MET,intradomain,1.4276490953133956,0.5136414200799014
MET,TYR,intradomain,1.2025859047916392,0.266139954278272
MET,SER,intradomain,0.8747211707711643,-0.1931048832597471
MET,ARG,intradomain,0.7276265030039069,-0.45873000234333305
TYR,GLN,intradomain,1.0650618287793316,0.09093718395736942
TYR,GLU,intradomain,0.6743787436152668,-0.5683690315672421
TYR,THR,intradomain,1.0063197112973687,0.0090887272366308
TYR,GLY,intradomain,0.9177680936700097,-0.12379844275057798
TYR,VAL,intradomain,0.79199997673589,-0.3364277069600237
TYR,ALA,intradomain,0.8785156909699238,-0.18686004077399002
TYR,PRO,intradomain,1.240426940580953,0.31083676500421115
TYR,ASP,intradomain,0.7120826062026434,-0.4898834820017792
TYR,TRP,intradomain,1.6883351348618814,0.7556013077257404
TYR,PHE,intradomain,1.1837338716330341,0.24334476911621242
TYR,ASN,intradomain,0.8515420237296147,-0.23185036600491415
TYR,LYS,intradomain,0.9817573697228935,-0.026561572127837087
TYR,ILE,intradomain,1.1329119916395665,0.18003579217632643
TYR,HIS,intradomain,1.0834764912586612,0.11566785088198782
TYR,CYS,intradomain,0.514565037275042,-0.9585746600921656
TYR,LEU,intradomain,0.9906327554804824,-0.013577770111302484
TYR,MET,intradomain,0.9366586469038533,-0.09440472271791413
TYR,TYR,intradomain,1.04637794730197,0.06540404108114287
TYR,SER,intradomain,0.8569273503588475,-0.2227551959402491
TYR,ARG,intradomain,1.3768261106001265,0.46134636251118194
SER,GLN,intradomain,1.1629774427521062,0.21782311439902766
SER,GLU,intradomain,0.728852611321625,-0.45630099283674014
SER,THR,intradomain,1.0162994549925892,0.02332555819113094
SER,GLY,intradomain,1.1691273960192203,0.22543214423321173
SER,VAL,intradomain,0.9235436117058065,-0.1147480049237228
SER,ALA,intradomain,1.0197215830864685,0.028175303637951184
SER,PRO,intradomain,0.9657397879148879,-0.050293577933592265
SER,ASP,intradomain,1.0379975955462244,0.053803101790634
SER,TRP,intradomain,0.6019416184304074,-0.732304526316546
SER,PHE,intradomain,0.8484335691843227,-0.2371263911126685
SER,ASN,intradomain,1.4950707854061964,0.5802137916721615
SER,LYS,intradomain,1.400446352127826,0.48588671814888423
SER,ILE,intradomain,0.6597580568738208,-0.59999103123664
SER,HIS,intradomain,1.619361732426767,0.6954252903263146
SER,CYS,intradomain,1.487758425205124,0.5731402878354542
SER,LEU,intradomain,0.6975643276413898,-0.5196018300746225
SER,MET,intradomain,0.8623881058163329,-0.2135908145220435
SER,TYR,intradomain,0.8764441381928187,-0.19026595384033293
SER,SER,intradomain,1.0930773190582845,0.12839545396195
SER,ARG,intradomain,1.2363952881666462,0.30614006128906684
ARG,GLN,intradomain,1.2002825913263921,0.26337411009073514
ARG,GLU,intradomain,2.7499088041637867,1.4593837750146659
ARG,THR,intradomain,1.1876991391828147,0.24816942756979676
ARG,GLY,intradomain,1.4186390116907555,0.5045075264674644
ARG,VAL,intradomain,0.6189876566547622,-0.6920174542047117
ARG,ALA,intradomain,0.7749942086153431,-0.3677425654464778
ARG,PRO,intradomain,1.1886672855551645,0.24934495339189272
ARG,ASP,intradomain,2.478773169794372,1.3096262577960143
ARG,TRP,intradomain,0.5391984155448448,-0.8911118377758874
ARG,PHE,intradomain,0.4483614202554978,-1.1572659496624316
ARG,ASN,intradomain,1.289011177848911,0.3662647742948092
ARG,LYS,intradomain,0.6205963148162272,-0.6882729649110607
ARG,ILE,intradomain,0.5673153339541088,-0.8177772357779204
ARG,HIS,intradomain,0.5560024432857605,-0.8468368721750809
ARG,CYS,intradomain,0.5883743115811803,-0.7651938349762296
ARG,LEU,intradomain,0.727625831414404,-0.45873133393212
ARG,MET,intradomain,0.49533139096331785,-1.013534042152352
ARG,TYR,intradomain,0.9871494916886974,-0.018659515183647706
ARG,SER,intradomain,1.315985010692537,0.39614305660909743
ARG,ARG,intradomain,0.8639452699184198,-0.21098817291321575
